[{"subject": {"team": "Team A", "player": "Player3", "chara": "Roadhog"}, "object": {"team": "Team B", "player": "Player7", "chara": "Zenyatta"}, "assist": {"1": {"player": "", "hero": ""}, "2": {"player": "", "hero": ""}, "3": {"player": "", "hero": ""}, "4": {"player": "", "hero": ""}, "5": {"player": "", "hero": ""}}, "time": "00:00:20.5", "action": "Eliminate", "ability": "Plain Attack", "critical kill": "", "comments": ""}, {"subject": {"team": "Team B", "player": "Player11", "chara": "Roadhog"}, "object": {"team": "Team A", "player": "Player5", "chara": "Zarya"}, "assist": {"1": {"player": "", "hero": ""}, "2": {"player": "", "hero": ""}, "3": {"player": "", "hero": ""}, "4": {"player": "", "hero": ""}, "5": {"player": "", "hero": ""}}, "time": "00:00:21.0", "action": "Eliminate", "ability": "Plain Attack", "critical kill": "", "comments": ""}, {"subject": {"team": "Team A", "player": "Player2", "chara": "Zenyatta"}, "object": {"team": "Team B", "player": "Player11", "chara": "Roadhog"}, "assist": {"1": {"player": "", "hero": ""}, "2": {"player": "", "hero": ""}, "3": {"player": "", "hero": ""}, "4": {"player": "", "hero": ""}, "5": {"player": "", "hero": ""}}, "time": "00:00:21.0", "action": "Eliminate", "ability": "Plain Attack", "critical kill": "Y", "comments": ""}, {"subject": {"team": "Team A", "player": "Player2", "chara": "Zenyatta"}, "object": {"team": "Team B", "player": "Player12", "chara": "Sombra"}, "assist": {"1": {"player": "", "hero": ""}, "2": {"player": "", "hero": ""}, "3": {"player": "", "hero": ""}, "4": {"player": "", "hero": ""}, "5": {"player": "", "hero": ""}}, "time": "00:00:23.0", "action": "Eliminate", "ability": "Plain Attack", "critical kill": "", "comments": ""}, {"subject": {"team": "Team B", "player": "Player9", "chara": "Lucio"}, "object": {"team": "Team A", "player": "Player2", "chara": "Zenyatta"}, "assist": {"1": {"player": "", "hero": ""}, "2": {"player": "", "hero": ""}, "3": {"player": "", "hero": ""}, "4": {"player": "", "hero": ""}, "5": {"player": "", "hero": ""}}, "time": "00:00:24.0", "action": "Eliminate", "ability": "Plain Attack", "critical kill": "", "comments": ""}, {"subject": {"team": "Team A", "player": "Player3", "chara": "Roadhog"}, "object": {"team": "Team B", "player": "Player9", "chara": "Lucio"}, "assist": {"1": {"player": "", "hero": ""}, "2": {"player": "", "hero": ""}, "3": {"player": "", "hero": ""}, "4": {"player": "", "hero": ""}, "5": {"player": "", "hero": ""}}, "time": "00:00:25.5", "action": "Eliminate", "ability": "Plain Attack", "critical kill": "Y", "comments": ""}, {"subject": {"team": "Team A", "player": "Player6", "chara": "Sombra"}, "object": {"team": "Team B", "player": "Player8", "chara": "Zarya"}, "assist": {"1": {"player": "", "hero": ""}, "2": {"player": "", "hero": ""}, "3": {"player": "", "hero": ""}, "4": {"player": "", "hero": ""}, "5": {"player": "", "hero": ""}}, "time": "00:00:28.5", "action": "Eliminate", "ability": "Plain Attack", "critical kill": "", "comments": ""}, {"subject": {"team": "Team A", "player": "Player1", "chara": "Lucio"}, "object": {"team": "Team B", "player": "Player10", "chara": "Mei"}, "assist": {"1": {"player": "", "hero": ""}, "2": {"player": "", "hero": ""}, "3": {"player": "", "hero": ""}, "4": {"player": "", "hero": ""}, "5": {"player": "", "hero": ""}}, "time": "00:00:31.0", "action": "Eliminate", "ability": "Right Click", "critical kill": "", "comments": ""}]